Kathleen,Howard,1996-03-10,C13971886,Female
Evelyn,Collins,1995-02-10,C13971887,Female
Wayne,Parker,1996-04-10,C13971888,Male
Phillip,Cooper,1996-03-22,C13971889,Male
Beverly,Perry,1994-03-15,C13971890,Female
Stephen,Lee,1992-11-10,C13971891,Male
Norma,Bryant,1994-03-12,C13971892,Female
Alice,Sanchez,1995-04-16,C13971893,Female
Carolyn,Turner,1996-08-16,C13971894,Female
Rachel,Williams,1993-12-23,C13971895,Female
Benjamin,Rodriguez,1995-10-03,C13971896,Male
Patrick,Moore,1996-01-01,C13971897,Male
