Kate,Lawlor,1995-04-11,C13973686,Female
Ann,Feenam,1996-06-10,C13973687,Female
Bill,O'Dwyer,1997-03-12,C13973688,Male
Tom,Bentley,1992-02-15,C13973689,Male
Beverly,Crowley,1996-01-02,C13973690,Female
Stephen,Lyons,1991-03-06,C13973691,Male
Norma,Meehan,1993-07-23,C13973692,Female
Alice,Collins,1990-09-26,C13973693,Female
Carolyn,Quinn,1995-08-27,C13973664,Female
Rachel,McFee,1996-10-21,C13973695,Female
Benjamin,Corcoran,1993-01-30,C13973696,Male
Patrick,Howard,1992-06-30,C13973697,Male
Ben,Cash,1994-08-31,C13973696,Male
Pat,Hogan,1995-12-25,C13973697,Male
